 AF   | Afganistán                             | Afgana
 AX   | Islas Åland                            | Ålandesa
 AL   | Albania                                | Albanesa
 DE   | Alemania                               | Alemana
 AD   | Andorra                                | Andorrana
 AO   | Angola                                 | Angoleña
 AI   | Anguilla                               | Anguilense
 AQ   | Antártida                              | Antártica
 AG   | Antigua y Barbuda                      | Antiguana
 AN   | Antillas Neerlandesas                  | Antillana
 SA   | Arabia Saudí                           | Arabe
 DZ   | Argelia                                | Argelina
 AR   | Argentina                              | Argentina
 AM   | Armenia                                | Armenia
 AW   | Aruba                                  | Arubeño
 AU   | Australia                              | Australiana
 AT   | Austria                                | Austriaca
 AZ   | Azerbaiyán                             | Azerbaiyana
 BS   | Bahamas                                | Bahamesa
 BH   | Bahréin                                | Bahreiní
 BD   | Bangladesh                             | Bangladesha
 BB   | Barbados                               | Barbadesa
 BY   | Belarús                                | Bielorrusa
 BE   | Bélgica                                | Belga
 BZ   | Belice                                 | Beliceña
 BJ   | Benin                                  | Beninesa
 BM   | Bermudas                               | Bermudesa
 BT   | Bhután                                 | Bhutanesa
 BO   | Bolivia                                | Boliviana
 BA   | Bosnia y Herzegovina                   | Bosnia
 BW   | Botsuana                               | Botsuana
 BV   | Isla Bouvet                            | Bouvetana
 BR   | Brasil                                 | Brasileña
 BN   | Brunéi                                 | Bruneana
 BG   | Bulgaria                               | Búlgara
 BF   | Burkina Faso                           | Burkinesa
 BI   | Burundi                                | Burundiana
 CV   | Cabo Verde                             | Caboverdiana
 KY   | Islas Caimán                           | Caimanesa
 KH   | Camboya                                | Camboyana
 CM   | Camerún                                | Camerunesa
 CA   | Canadá                                 | Canadiense
 CF   | República Centroafricana               | Centroafricana
 TD   | Chad                                   | Chadeña
 CZ   | Chequia                                | Checa
 CL   | Chile                                  | Chilena
 CN   | China                                  | China
 CY   | Chipre                                 | Chipriota
 CX   | Isla Christmas                         | De la Isla de Navidad
 PS   | Cisjordania                            | Palestino
 VA   | Ciudad del Vaticano                    | Vaticana
 CC   | Islas Cocos                            | De la Isla de Cocos
 CO   | Colombia                               | Colombiana
 KM   | Comoras                                | Comorana
 CD   | República Democrática del Congo        | Congolesa
 CG   | Congo                                  | Congolesa
 CK   | Islas Cook                             | De la Isla de Cook
 KP   | Corea del Norte                        | Norcoreana
 KR   | Corea del Sur                          | Surcoreana
 CI   | Costa de Marfil                        | Marfilesa
 CR   | Costa Rica                             | Costarricense
 HR   | Croacia                                | Croata
 CU   | Cuba                                   | Cubana
 DK   | Dinamarca                              | Danesa
 DM   | Dominica                               | Dominiquesa
 DO   | República Dominicana                   | Dominicana
 EC   | Ecuador                                | Ecuatoriana
 EG   | Egipto                                 | Egipcia
 SV   | El Salvador                            | Salvadoreña
 AE   | Emiratos Árabes Unidos                 | Emiratounidense
 ER   | Eritrea                                | Eritrea
 SK   | Eslovaquia                             | Eslovaka
 SI   | Eslovenia                              | Eslovena
 ES   | España                                 | Español
 UM   | Islas Ultramarinas de Estados Unidos   | De las Islas Ultramarinas de Estados Unidos
 US   | Estados Unidos de América              | Estadounidense
 EE   | Estonia                                | Estona
 ET   | Etiopía                                | Etíope
 FO   | Islas Feroe                            | Feroésa
 PH   | Filipinas                              | Filipina
 FI   | Finlandia                              | Finesa
 FJ   | Fiyi                                   | Fiyiana
 FR   | Francia                                | Francesa
 GA   | Gabón                                  | Gabonesa
 GM   | Gambia                                 | Gabiana
 GE   | Georgia                                | Georgiana
 GS   | Georgia del Sur                        | Surgeorgiana
 GH   | Ghana                                  | Ghanesa
 GI   | Gibraltar                              | Gibraltareño
 GD   | Granada                                | Granadeña
 GR   | Grecia                                 | Griega
 GL   | Groenlandia                            | Groenlandesa
 GP   | Guadalupe                              | Guadalupeño
 GU   | Guam                                   | Guameño
 GT   | Guatemala                              | Guatemalteca
 GF   | Guayana Francesa                       | Guayanesa
 GN   | Guinea                                 | Guineana
 GQ   | Guinea Ecuatorial                      | Ecuatoguineana
 GW   | Guinea-Bissau                          | Guineana
 GY   | Guyana                                 | Guyanesa
 HT   | Haití                                  | Haitiana
 HM   | Islas Heard y McDonald                 | De las Islas Heard y McDonald
 HN   | Honduras                               | Hondureña
 HK   | Hong Kong                              | Hongkonesa
 HU   | Hungría                                | Húngara
 IN   | India                                  | India
 ID   | Indonesia                              | Indonesa
 IR   | Irán                                   | Iraní
 IQ   | Iraq                                   | Iraquí
 IE   | Irlanda                                | Irlandesa
 IS   | Islandia                               | Islandesa
 IL   | Israel                                 | Israelí
 IT   | Italia                                 | Italiana
 JM   | Jamaica                                | Jamaiquina
 JP   | Japón                                  | Japonesa
 JO   | Jordania                               | Jordana
 KZ   | Kazajstán                              | Kazaka
 KE   | Kenia                                  | Keniata
 KG   | Kirguistán                             | Kirguís
 KI   | Kiribati                               | Kiribatí
 KW   | Kuwait                                 | Kuwaití
 LA   | Laos                                   | Laosiana
 LS   | Lesotho                                | Lesothensa
 LV   | Letonia                                | Letón
 LB   | Líbano                                 | Libanesa
 LR   | Liberia                                | Liberiana
 LY   | Libia                                  | Libeña
 LI   | Liechtenstein                          | Liechtenstein
 LT   | Lituania                               | Lituana
 LU   | Luxemburgo                             | Luxemburgues
 MO   | Macao                                  | Macaense
 MK   | ARY Macedonia                          | Macedonia
 MG   | Madagascar                             | Malgache
 MY   | Malasia                                | Malasia
 MW   | Malawi                                 | Malawi
 MV   | Maldivas                               | Maldivas
 ML   | Malí                                   | Maliense
 MT   | Malta                                  | Maltesa
 FK   | Islas Malvinas                         | Malvinense
 MP   | Islas Marianas del Norte               | De las Islas Marianas del Norte
 MA   | Marruecos                              | Marroquí
 MH   | Islas Marshall                         | Marshalesa
 MQ   | Martinica                              | Martiniquesa
 MU   | Mauricio                               | Mauricio
 MR   | Mauritania                             | Mauritana
 YT   | Mayotte                                | Mayotense
 MX   | México                                 | Mexicana
 FM   | Micronesia                             | Micronesia
 MD   | Moldova                                | Moldava
 MC   | Mónaco                                 | Monegasca
 MN   | Mongolia                               | Mongol
 MS   | Montserrat                             | Montserratense
 MZ   | Mozambique                             | Mozambiqueña
 MM   | Myanmar                                | Birmana
 NA   | Namibia                                | Namibia
 NR   | Nauru                                  | Nauru
 NP   | Nepal                                  | Nepalesa
 NI   | Nicaragua                              | Nicaragüense
 NE   | Níger                                  | Nigerina
 NG   | Nigeria                                | Nigeriana
 NU   | Niue                                   | Niueña
 NF   | Isla Norfolk                           | De la Isla Norfolk
 NO   | Noruega                                | Noruega
 NC   | Nueva Caledonia                        | Neocaledonia
 NZ   | Nueva Zelanda                          | Neozelandesa
 OM   | Omán                                   | Omaní
 NL   | Países Bajos                           | Neerlandesa
 PK   | Pakistán                               | Pakistaní
 PW   | Palaos                                 | Palauana
 PA   | Panamá                                 | Panameña
 PG   | Papúa Nueva Guinea                     | Papú
 PY   | Paraguay                               | Paraguaya
 PE   | Perú                                   | Peruana
 PN   | Islas Pitcairn                         | Pitcairnesa
 PF   | Polinesia Francesa                     | Polinesia
 PL   | Polonia                                | Polaca
 PT   | Portugal                               | Portuguesa
 PR   | Puerto Rico                            | Puertorriqueña
 QA   | Qatar                                  | Qatarí
 GB   | Reino Unido                            | Británica
 RE   | Reunión                                | Reunionesa
 RW   | Ruanda                                 | Ruanda
 RO   | Rumanía                                | Rumana
 RU   | Rusia                                  | Rusa
 EH   | Sáhara Occidental                      | Saharaui
 SB   | Islas Salomón                          | Salomonense
 WS   | Samoa                                  | Samoana
 AS   | Samoa Americana                        | Samoamericana
 KN   | San Cristóbal y Nieves                 | Sancristobaleña
 SM   | San Marino                             | Sanmarinense
 PM   | San Pedro y Miquelón                   | De San Pedro y Miquelón
 VC   | San Vicente y las Granadinas           | Sanvicentina
 SH   | Santa Helena                           | Santahelena
 LC   | Santa Lucía                            | Santalucense
 ST   | Santo Tomé y Príncipe                  | Santotomense
 SN   | Senegal                                | Senegalesa
 CS   | Serbia y Montenegro                    | Serbomontenegrina
 SC   | Seychelles                             | Serbomontenegrina
 SL   | Sierra Leona                           | Sierraleonesa
 SG   | Singapur                               | Singapur
 SY   | Siria                                  | Siria
 SO   | Somalia                                | Somalia
 LK   | Sri Lanka                              | Ceilandesa
 SZ   | Suazilandia                            | Suazilandesa
 ZA   | Sudáfrica                              | Sudafricana
 SD   | Sudán                                  | Sudanesa
 SE   | Suecia                                 | Sueca
 CH   | Suiza                                  | Suiza
 SR   | Surinam                                | Surinamesa
 SJ   | Svalbard                               | Svalbardesa
 TH   | Tailandia                              | Tailandesa
 TW   | Taiwán                                 | Taiwanesa
 TZ   | Tanzania                               | Tanzana
 TJ   | Tayikistán                             | Tayika
 IO   | Territorio Británico del Océano Índico | Del Territorio Británico del Océano Índico
 TF   | Territorios Australes Franceses        | De los Territorios Australes Franceses
 TL   | Timor Oriental                         | Timorense
 TG   | Togo                                   | Togo
 TK   | Tokelau                                | Tokelauésa
 TO   | Tonga                                  | Tonga
 TT   | Trinidad y Tobago                      | Trinitense
 TN   | Túnez                                  | Tunecina
 TC   | Islas Turcas y Caicos                  | De las Islas Turcas y Caicos
 TM   | Turkmenistán                           | Turcomana
 TR   | Turquía                                | Turca
 TV   | Tuvalu                                 | Tuvaluana
 UA   | Ucrania                                | Ucraniana
 UG   | Uganda                                 | Ugandesa
 UY   | Uruguay                                | Uruguaya
 UZ   | Uzbekistán                             | Uzbeka
 VU   | Vanuatu                                | Vanuatense
 VE   | Venezuela                              | Venezolana
 VN   | Vietnam                                | Vietnamita
 VG   | Islas Vírgenes Británicas              | De las Islas Vírgenes Británicas
 VI   | Islas Vírgenes de los Estados Unidos   | De las Islas Vírgenes de los Estados Unidos
 WF   | Islas Wallis y Futuna                  | De las Islas Wallis y Futuna
 YE   | Yemen                                  | Yemení
 DJ   | Yibuti                                 | Yibutiense
 ZM   | Zambia                                 | Zambiana
 ZW   | Zimbabue                               | Zimbabuense
